Date Opened,Career Title,Location,Career Type,Shift Type
03/20/2020,Concierge Receptionist,"Eskaton Village Carmichael
3939 Walnut Avenue Carmichael CA 95608-2191",On Call,AM/Days
03/16/2020,Treatment Nurse – RN/LVN,"Eskaton Care Center Manzanita
5318 Manzanita Avenue Carmichael CA 95608-0599",Full Time,AM/Days
03/13/2020,Home Health Aide (Home Healthcare),"Eskaton Home Healthcare
9722 Fair Oaks Boulevard, Suite A, Fair Oaks CA 95628-7039",On Call,AM/Days
03/13/2020,Resident Care Coordinator – LVN/RN,"Eskaton Village Placerville
3380 Blairs Lane Placerville CA 95667-6482",Full Time,Varied Shifts
03/06/2020,Central Supply Clerk,"Eskaton Care Center Fair Oaks
11300 Fair Oaks Boulevard Fair Oaks CA 95628-5141",Full Time,AM/Days
02/28/2020,Infection Preventionist / Quality Assurance Nurse,"Eskaton Care Center Manzanita
5318 Manzanita Avenue Carmichael CA 95608-0599",Full Time,AM/Days
02/28/2020,Registered Treatment Nurse,"Eskaton Care Center Fair Oaks
11300 Fair Oaks Boulevard Fair Oaks CA 95628-5141",Part Time,Varied Shifts
02/28/2020,Registered Treatment Nurse,"Eskaton Care Center Manzanita
5318 Manzanita Avenue Carmichael CA 95608-0599",Full Time,PM/Afternoon
02/28/2020,Dietary Aide,"Eskaton Care Center Greenhaven
455 Florin Road Sacramento CA 95831-2024",On Call,PM/Afternoon
02/28/2020,Admissions Manager Hospital,"Eskaton Administrative Center
5105 Manzanita Avenue, Carmichael, CA 95608",Full Time,AM/Days
